{
  "economy": {
    "coins": 25700,
    "last_daily": 1780902872.3857498,
    "last_monthly": 1780903719.5214639,
    "last_weekly": 1780903728.5962112
  }
}